Python-Programs,OmkarPathak
Python,geekcomputers
Python-Programs,anumsh
Competitive-programming-in-Python,markopuza
Python-modules-for-competitive-programming,psycane
LeetCode,wklchris
competitive-programmer-handbook-python,abhishekgahlot
competitive-programming,kipply
Competitive-Programming,rishabhgarg25699
Competitive-Coding-Solutions,Akamoha
Competitive-Programming,isopropylcyanide
algorithms,dmitry-pechersky
PyRival,cheran-senthil
Algorithms,prakhar1989
Beginner-Python-Code,Roibal
learn-python,trekhleb
Beginners-Python-Examples,AsciiKay
Python-Scripts,ankitdobhal
Python,shreydan
Python-Programming-Practice,mahtlab04
Python-Bootcamp-from-Basic-to-Advanced,mhkmcp
Python,jaimininjp
Language_proficiency_Python,egorfolley
Python-Programs,ganeshkavhar
Python-Beginner-Program,ganeshkavhar
practice-python,donavinhannon
PracticePython,RelyingEarth87
Practice-Python-Solutions,abdallahemad94
python-algorithms,rahulgurnani
python-basics-exercises,realpython
CommuniPy,RafaelBroseghini
practice,skailasa
How-to-Python,JuzerShakir
leetcode,qiyuangong
leetcode-python,wuduhren
Leetcode,Garvit244
LeetCode-Solutions,kamyu104
leetcode-solutions-python,liuhongjiang
leetcode-python,shichao-an
leetcode,jakehoare
HackerrankPractice,marinskiy
Hackerrank-Problem-Solving-Python-Solutions,sapanz
hackerrank-algo-implementation,Naklecha
Competitive_Programming,anantkaushik
Competitive-Programming,ranajoy-dutta
Algorithms,kumailn
HackerRank,srgnk
hackerrank-solutions,chakshuahuja
HackerRank-Solutions,anantkaushik
HackerRank-30-Days-of-Code,kalpak92
HackerRank-Python-Algorithm-Solution,juhilsomaiya
Python-Practice-Solved-Programs,Nishad00
pythonbite,shreyakupadhyay
Algorithms-HackerRank,harshildarji
Hackerrank,anujdutt9
HackerRank-PySolutions,JShilpa
